{
  "cancellation" : {
    "transaction" : "cancellation",
    "sampleCount" : 500,
    "errorCount" : 0,
    "errorPct" : 0.0,
    "meanResTime" : 7745.670000000003,
    "medianResTime" : 3991.5,
    "minResTime" : 195.0,
    "maxResTime" : 44477.0,
    "pct1ResTime" : 21487.200000000015,
    "pct2ResTime" : 23457.0,
    "pct3ResTime" : 31993.50000000001,
    "throughput" : 4.393055457932101,
    "receivedKBytesPerSec" : 205.568525556051,
    "sentKBytesPerSec" : 2.2437187543930555
  },
  "flight-schedule" : {
    "transaction" : "flight-schedule",
    "sampleCount" : 500,
    "errorCount" : 0,
    "errorPct" : 0.0,
    "meanResTime" : 6110.719999999997,
    "medianResTime" : 3778.0,
    "minResTime" : 78.0,
    "maxResTime" : 49089.0,
    "pct1ResTime" : 15849.5,
    "pct2ResTime" : 22328.95,
    "pct3ResTime" : 33464.25,
    "throughput" : 4.480447327861214,
    "receivedKBytesPerSec" : 248.06855966499694,
    "sentKBytesPerSec" : 2.21397104286892
  },
  "Total" : {
    "transaction" : "Total",
    "sampleCount" : 1500,
    "errorCount" : 7,
    "errorPct" : 0.46666667,
    "meanResTime" : 16849.966666666653,
    "medianResTime" : 4871.0,
    "minResTime" : 78.0,
    "maxResTime" : 115480.0,
    "pct1ResTime" : 49085.3,
    "pct2ResTime" : 59671.350000000006,
    "pct3ResTime" : 65450.780000000006,
    "throughput" : 12.884494798958933,
    "receivedKBytesPerSec" : 670.8849742095363,
    "sentKBytesPerSec" : 6.400070811036
  },
  "book-a-flight" : {
    "transaction" : "book-a-flight",
    "sampleCount" : 500,
    "errorCount" : 7,
    "errorPct" : 1.4,
    "meanResTime" : 36693.51,
    "medianResTime" : 35167.0,
    "minResTime" : 1787.0,
    "maxResTime" : 115480.0,
    "pct1ResTime" : 62892.1,
    "pct2ResTime" : 63552.9,
    "pct3ResTime" : 104190.71,
    "throughput" : 4.305111889858018,
    "receivedKBytesPerSec" : 232.6767594857759,
    "sentKBytesPerSec" : 2.08925734667344
  }
}