{
  "cancellation" : {
    "transaction" : "cancellation",
    "sampleCount" : 100,
    "errorCount" : 0,
    "errorPct" : 0.0,
    "meanResTime" : 4172.89,
    "medianResTime" : 3941.0,
    "minResTime" : 173.0,
    "maxResTime" : 22337.0,
    "pct1ResTime" : 9418.500000000002,
    "pct2ResTime" : 10477.65,
    "pct3ResTime" : 22224.719999999943,
    "throughput" : 3.859662665483037,
    "receivedKBytesPerSec" : 180.60590371589024,
    "sentKBytesPerSec" : 1.971292552780887
  },
  "Test" : {
    "transaction" : "Test",
    "sampleCount" : 100,
    "errorCount" : 0,
    "errorPct" : 0.0,
    "meanResTime" : 11603.649999999998,
    "medianResTime" : 12002.0,
    "minResTime" : 4534.0,
    "maxResTime" : 26762.0,
    "pct1ResTime" : 15015.5,
    "pct2ResTime" : 15324.599999999999,
    "pct3ResTime" : 26652.199999999946,
    "throughput" : 3.644846187490888,
    "receivedKBytesPerSec" : 572.0652652422912,
    "sentKBytesPerSec" : 5.456591020921417
  },
  "flight-schedule" : {
    "transaction" : "flight-schedule",
    "sampleCount" : 100,
    "errorCount" : 0,
    "errorPct" : 0.0,
    "meanResTime" : 2995.6700000000005,
    "medianResTime" : 3346.0,
    "minResTime" : 85.0,
    "maxResTime" : 11629.0,
    "pct1ResTime" : 4053.0,
    "pct2ResTime" : 4070.85,
    "pct3ResTime" : 11617.869999999994,
    "throughput" : 3.9483555099301144,
    "receivedKBytesPerSec" : 218.60425015793422,
    "sentKBytesPerSec" : 1.95104285939906
  },
  "Total" : {
    "transaction" : "Total",
    "sampleCount" : 300,
    "errorCount" : 0,
    "errorPct" : 0.0,
    "meanResTime" : 3867.8833333333337,
    "medianResTime" : 3661.5,
    "minResTime" : 85.0,
    "maxResTime" : 22337.0,
    "pct1ResTime" : 7077.700000000001,
    "pct2ResTime" : 10788.649999999996,
    "pct3ResTime" : 14358.280000000002,
    "throughput" : 11.029411764705882,
    "receivedKBytesPerSec" : 577.0287726907169,
    "sentKBytesPerSec" : 5.503934972426471
  },
  "book-a-flight" : {
    "transaction" : "book-a-flight",
    "sampleCount" : 100,
    "errorCount" : 0,
    "errorPct" : 0.0,
    "meanResTime" : 4435.089999999999,
    "medianResTime" : 3223.5,
    "minResTime" : 404.0,
    "maxResTime" : 15143.0,
    "pct1ResTime" : 11091.000000000002,
    "pct2ResTime" : 13891.949999999999,
    "pct3ResTime" : 15135.169999999996,
    "throughput" : 6.525285481239805,
    "receivedKBytesPerSec" : 357.5382978181077,
    "sentKBytesPerSec" : 3.2116639477977165
  }
}